<?xml version="1.0" encoding="utf-8"?>
<resources>
    <color name="colorPrimary">#4169E1</color>
    <color name="colorPrimaryDark">#0000FF</color>
    <color name="colorAccent">#FF4081</color>
    <color name="transparent">@android:color/transparent</color>


    <color name="white">#FFFF</color>
    <color name="black">#000</color>
    <color name="gray">#808080</color>>
	<color name="list_divider">#dedede</color>
    <color name="colorCell">#015093</color>
    <color name="darkPink">#C71585</color>
    <color name="offwhite">#E0FFFF</color>
    <!--color name="grayshade">#9C7660</color-->
    <color name="gradientdark">#260026</color>
    <color name="gradientmidle">#3f3f3f</color>
    <color name="gradientlight">#bdbdbd</color>





    <!--//250517   1a0000-->
</resources>
