<resources>

    <!-- Base application theme. -->
    <style name="AppTheme" parent="Theme.AppCompat.Light.DarkActionBar">
        <!-- Customize your theme here. -->
        <item name="colorPrimary">@color/transparent</item>
        <item name="colorPrimaryDark">@color/transparent</item>
        <item name="colorAccent">@color/white</item>
        <item name="android:windowContentOverlay">@null</item>
    </style>

    <style name="AppTheme.NoActionBar">
        <item name="windowActionBar">false</item>
        <item name="windowNoTitle">true</item>
        <item name="android:windowContentOverlay">@null</item>
        <item name="android:windowFullscreen">true</item>
    </style>

    <style name="AppTheme.AppBarOverlay" parent="ThemeOverlay.AppCompat.Dark.ActionBar" />

    <style name="AppTheme.PopupOverlay" parent="ThemeOverlay.AppCompat.Light" />

    <style name="ButtonsWithBorder">

    </style>

    <style name="MyTheme" parent="Base.Theme.AppCompat">
        <item name="android:windowNoTitle">true</item>
        <item name="android:windowFullscreen">true</item>
    </style>

    <style name="MyActionBar" parent="Theme.AppCompat.Light.DarkActionBar">
        <item name="colorPrimary">@color/black</item>
        <item name="colorPrimaryDark">@color/black</item>
        <item name="colorAccent">@color/white</item>
        <item name="android:windowContentOverlay">@null</item>
        <item name="android:textViewStyle">@font/roboto_condensed_regular</item>

    </style>

</resources>
